frec,amp,dec,dec_time
464,0.0018,1,0.2
932,0.0048,1,0.1
1398,0.0028,1,0.04
1863,0.00054,1,0.02
2329,0.00074,1,0.02
2828,0.00022,1,0.02
3317,0.00047,1,0.01
3809,0.00014,1,0.0075
4314,0.00011,1,0.005
